Simone,Pirouet,spirouet0@furl.net,Male,1998-06-19,China
Sayers,Longbottom,slongbottom1@who.int,Male,1997-05-13,China
Benjy,Jursch,bjursch2@amazon.co.jp,Male,1995-08-25,Nigeria
Georgiana,Rutledge,grutledge3@usnews.com,Female,2007-08-19,Indonesia
Cathrin,Corp,ccorp4@sitemeter.com,Female,1994-04-06,Philippines
Nat,Stockell,nstockell5@yale.edu,Female,1995-02-05,Estonia
Deane,Beesey,dbeesey6@paypal.com,Male,2012-06-21,Thailand
Darrin,Jaffra,djaffra7@jugem.jp,Male,2001-01-04,Brazil
Kennett,De Paepe,kdepaepe8@mapquest.com,Male,2013-01-30,Netherlands
Niall,Elphee,nelphee9@baidu.com,Male,2013-08-29,China
Tudor,Haskey,thaskeya@usnews.com,Male,1992-01-03,Russia
Gregorius,Grierson,ggriersonb@slate.com,Male,2020-07-28,Sweden
Stepha,Newcomen,snewcomenc@slate.com,Female,1993-10-28,Portugal
Caryn,Renn,crennd@sourceforge.net,Female,2004-10-13,United States
Anet,Beer,abeere@chronoengine.com,Female,2013-08-30,Brazil
Jewel,Bilby,jbilbyf@mozilla.com,Female,2007-06-03,Portugal
Elizabeth,Fice,eficeg@lycos.com,Female,1996-11-21,Palestinian Territory
Arturo,Styant,astyanth@clickbank.net,Male,2006-09-15,Thailand
Rae,Le Grice,rlegricei@sitemeter.com,Female,2016-12-06,Moldova
Emylee,Ragdale,eragdalej@linkedin.com,Female,1992-11-22,China
Eddie,Klimmek,eklimmekk@uiuc.edu,Male,1996-07-22,France
Yorker,Velde,yveldel@bravesites.com,Male,2012-04-27,Indonesia
Stuart,McGrory,smcgrorym@163.com,Male,2017-06-07,China
Dermot,Cuddon,dcuddonn@bloglines.com,Male,1990-09-19,Ireland
Fulvia,Sawdy,fsawdyo@miitbeian.gov.cn,Female,2000-05-31,China
Eddie,Berrey,eberreyp@canalblog.com,Male,2007-01-28,South Africa
Arri,Overshott,aovershottq@scientificamerican.com,Male,1993-10-13,Indonesia
Clem,Kenaway,ckenawayr@theguardian.com,Female,1999-05-21,Indonesia
Otha,Horrigan,ohorrigans@baidu.com,Female,2014-01-21,China
Maurice,Ruoff,mruofft@apache.org,Male,2018-08-10,China
Hal,Jekel,hjekelu@cnn.com,Male,1998-02-07,Indonesia
Marylinda,Kearle,mkearlev@cloudflare.com,Female,2019-05-04,Uganda
Alidia,Papps,apappsw@oakley.com,Female,2011-01-24,China
Wendell,Heaseman,wheasemanx@over-blog.com,Male,2011-02-09,Indonesia
Gran,Sherrington,gsherringtony@ning.com,Male,2007-01-20,Greece
Ferdinand,Eusden,feusdenz@nifty.com,Male,2015-04-21,Saudi Arabia
Cos,Greenhough,cgreenhough10@cyberchimps.com,Male,2003-06-01,Guatemala
Jan,Felipe,jfelipe11@simplemachines.org,Male,1999-06-07,China
Donia,Reisen,dreisen12@blogspot.com,Female,1998-04-21,Japan
Benny,Fransinelli,bfransinelli13@jimdo.com,Female,2020-09-13,Argentina
Cesar,Inkle,cinkle14@delicious.com,Male,1991-08-15,Poland
Turner,Lewis,tlewis15@oracle.com,Male,2008-12-08,Republic of the Congo
Shirline,Durtnall,sdurtnall16@unc.edu,Female,2015-02-19,Morocco
Peggie,Leftbridge,pleftbridge17@friendfeed.com,Female,1999-10-29,Thailand
Rustin,Stute,rstute18@disqus.com,Male,2005-04-18,Czech Republic
Elna,Randles,erandles19@npr.org,Female,2009-05-19,Russia
Trista,Jotham,tjotham1a@howstuffworks.com,Female,2008-07-11,Belarus
Dorothea,Levings,dlevings1b@angelfire.com,Female,2015-06-23,China
Renado,Stede,rstede1c@webnode.com,Male,1992-12-22,Lithuania
Dalton,Longman,dlongman1d@shinystat.com,Male,2000-01-19,France
Ronni,Accomb,raccomb1e@github.com,Female,1995-11-23,Argentina
Germayne,Tarzey,gtarzey1f@icio.us,Male,2017-01-22,Bahamas
Woodie,Bygate,wbygate1g@engadget.com,Male,1998-09-14,United States
Lloyd,Beauchamp,lbeauchamp1h@shinystat.com,Male,2001-06-18,Mexico
Maxine,Presnell,mpresnell1i@techcrunch.com,Female,2014-10-08,Mexico
Orrin,Picheford,opicheford1j@europa.eu,Male,1997-02-19,Indonesia
Darb,Tredger,dtredger1k@bizjournals.com,Female,2016-07-11,China
Stacie,Tunkin,stunkin1l@rediff.com,Female,1992-05-31,Philippines
Alana,Flowerdew,aflowerdew1m@cbc.ca,Female,2001-04-01,Canada
Camey,De Rechter,cderechter1n@netlog.com,Male,2003-08-25,Serbia
Saundra,Bromley,sbromley1o@ca.gov,Male,2012-08-31,Indonesia
Fabe,Morecomb,fmorecomb1p@illinois.edu,Male,1993-06-04,Indonesia
Antonietta,Cotherill,acotherill1q@jalbum.net,Female,2017-03-13,China
Herbert,Tufts,htufts1r@ask.com,Male,2008-07-11,Poland
Clevie,Collishaw,ccollishaw1s@soup.io,Male,2001-12-27,China
Quillan,Slayny,qslayny1t@issuu.com,Male,2020-01-18,Japan
Veronica,Apedaile,vapedaile1u@storify.com,Female,1991-10-13,Japan
Germain,Wheatman,gwheatman1v@chronoengine.com,Female,1995-08-08,Indonesia
Bing,Glentworth,bglentworth1w@twitpic.com,Male,2003-12-17,Philippines
Ollie,Claydon,oclaydon1x@photobucket.com,Male,2012-04-21,Brazil
Sven,Stockbridge,sstockbridge1y@canalblog.com,Male,2003-06-27,Philippines
Daren,Praten,dpraten1z@howstuffworks.com,Male,1994-07-27,Spain
Tonya,Troubridge,ttroubridge20@narod.ru,Female,2017-06-11,Portugal
Egor,Dulen,edulen21@sina.com.cn,Male,2009-04-07,Nepal
Cos,Barkley,cbarkley22@ed.gov,Male,1997-05-09,Indonesia
Nikola,Cammomile,ncammomile23@mit.edu,Male,2011-01-19,China
Gannon,Tunnicliff,gtunnicliff24@amazonaws.com,Male,2006-01-05,Indonesia
Mort,Vinson,mvinson25@fotki.com,Male,1991-09-14,China
Coletta,Ingrey,cingrey26@google.nl,Female,2004-09-16,China
Sydel,Normansell,snormansell27@gizmodo.com,Female,1999-05-28,Poland
Morten,Wethered,mwethered28@si.edu,Male,2018-06-05,China
Judi,Bushby,jbushby29@howstuffworks.com,Female,2011-12-12,Russia
Jude,Olekhov,jolekhov2a@home.pl,Male,2019-06-25,China
Carny,Beville,cbeville2b@nhs.uk,Male,2016-06-28,Serbia
Izak,Tetther,itetther2c@desdev.cn,Male,2017-04-28,China
Valene,Beardall,vbeardall2d@un.org,Female,2020-07-02,Brazil
Nadine,Couling,ncouling2e@wikimedia.org,Female,2015-12-30,Indonesia
Allina,Tynemouth,atynemouth2f@tinypic.com,Female,1999-11-13,Canada
Antonia,Oris,aoris2g@dailymotion.com,Female,2011-08-15,Argentina
Burr,Lorden,blorden2h@ask.com,Male,2007-07-03,Chile
Willamina,Clopton,wclopton2i@weebly.com,Female,1999-02-26,Syria
Jule,Venning,jvenning2j@si.edu,Male,1997-12-22,Madagascar
Theo,Voss,tvoss2k@friendfeed.com,Male,2016-09-03,Poland
Braden,Bruna,bbruna2l@mediafire.com,Male,2012-06-12,South Korea
Claire,Giannazzi,cgiannazzi2m@cafepress.com,Female,2018-05-17,Mauritius
Lorant,Hackin,lhackin2n@baidu.com,Male,1996-09-24,China
Bellanca,Cratchley,bcratchley2o@trellian.com,Female,2008-11-04,Japan
Orson,Mustard,omustard2p@auda.org.au,Male,1994-08-15,New Zealand
Melicent,Wibberley,mwibberley2q@gizmodo.com,Female,1996-07-28,Russia
Skip,Possel,spossel2r@de.vu,Male,2019-05-18,Indonesia
Rancell,McKyrrelly,rmckyrrelly2s@skype.com,Male,2011-11-11,Philippines
Dotti,Mellanby,dmellanby2t@army.mil,Female,1998-11-16,Japan
Henrietta,McKeand,hmckeand2u@sitemeter.com,Female,1997-07-08,China
Benito,Soldan,bsoldan2v@rambler.ru,Male,2007-09-11,Indonesia
Beulah,Uden,buden2w@whitehouse.gov,Female,2004-05-09,China
Dore,Flann,dflann2x@who.int,Female,2014-11-22,Portugal
Maggie,Rothman,mrothman2y@fc2.com,Female,1991-06-16,Canada
Chrysler,Girvan,cgirvan2z@networkadvertising.org,Female,2004-12-02,Tajikistan
Janek,Canedo,jcanedo30@ca.gov,Male,1999-04-16,Indonesia
Drona,McGlaud,dmcglaud31@oaic.gov.au,Female,2007-12-08,Philippines
Sloane,Kingswood,skingswood32@geocities.jp,Male,2011-02-24,China
Bartholomew,Schapiro,bschapiro33@zimbio.com,Male,2004-12-16,Niger
Geordie,Sprankling,gsprankling34@mozilla.org,Male,1996-12-30,Panama
Esme,Brabyn,ebrabyn35@wikispaces.com,Female,1994-02-13,Malaysia
Gery,Luna,gluna36@wired.com,Male,2017-04-16,Peru
Sayre,Ladd,sladd37@about.me,Female,2003-10-24,Brazil
Maren,Nolleth,mnolleth38@ftc.gov,Female,1999-10-01,Colombia
Danya,Azam,dazam39@ebay.com,Female,2017-11-17,China
Valerye,Tidbold,vtidbold3a@arizona.edu,Female,2008-01-26,Iran
Malina,Hayles,mhayles3b@baidu.com,Female,2005-03-04,China
Conrad,Wildish,cwildish3c@mlb.com,Male,2000-04-27,Indonesia
Laurie,Ayto,layto3d@ow.ly,Male,1995-05-27,Portugal
Tildie,Greyes,tgreyes3e@typepad.com,Female,2013-09-26,Namibia
Haze,Mochan,hmochan3f@hhs.gov,Male,1996-10-30,Russia
Byram,MacKenzie,bmackenzie3g@amazon.co.jp,Male,2012-11-01,Benin
Lilllie,Funnell,lfunnell3h@shareasale.com,Female,1991-05-26,Peru
Germaine,Leamon,gleamon3i@google.co.jp,Female,2018-06-07,Argentina
Sheff,Borzoni,sborzoni3j@webmd.com,Male,2009-11-29,United States
Linnea,Portwain,lportwain3k@rambler.ru,Female,2000-04-15,China
Johna,Askwith,jaskwith3l@gnu.org,Female,2016-03-01,Thailand
Alberik,Meriott,ameriott3m@desdev.cn,Male,2012-07-30,Peru
Pierce,Cretney,pcretney3n@ucsd.edu,Male,2000-10-18,United States
Lorens,Woof,lwoof3o@ezinearticles.com,Male,2012-10-16,China
Ignaz,Cheesman,icheesman3p@bigcartel.com,Male,2001-10-24,Myanmar
Zebadiah,Purslow,zpurslow3q@zdnet.com,Male,1999-10-24,Palestinian Territory
Carroll,Ascraft,cascraft3r@nps.gov,Female,1995-05-09,Sweden
Harley,Evelyn,hevelyn3s@themeforest.net,Female,2010-08-21,China
Ingmar,Dargavel,idargavel3t@tuttocitta.it,Male,2009-01-28,China
Kitty,Mantram,kmantram3u@cisco.com,Female,1998-07-16,Armenia
Janos,O'Fairy,jofairy3v@disqus.com,Male,1993-03-11,China
Hildegaard,McCumskay,hmccumskay3w@elegantthemes.com,Female,2017-03-13,China
Karney,Coneley,kconeley3x@people.com.cn,Male,2010-10-07,Brazil
Othilie,Beyne,obeyne3y@lulu.com,Female,1998-03-19,Sweden
Rachel,Spriggin,rspriggin3z@mashable.com,Female,2002-11-22,France
Garvin,Kippie,gkippie40@dagondesign.com,Male,1995-12-17,China
Barnabe,Sergean,bsergean41@dropbox.com,Male,1996-04-02,Iran
Geordie,Shanley,gshanley42@ehow.com,Male,2002-05-25,Russia
Cheston,Beavington,cbeavington43@mtv.com,Male,2014-05-28,Trinidad and Tobago
Cary,Willoughway,cwilloughway44@illinois.edu,Female,2006-10-19,China
Hillyer,Congreve,hcongreve45@cnbc.com,Male,1999-02-20,Indonesia
Janessa,McGarrahan,jmcgarrahan46@google.com.au,Female,2017-08-30,Thailand
Elberta,Scala,escala47@delicious.com,Female,2010-01-11,Vietnam
Selig,Westcott,swestcott48@paypal.com,Male,1997-08-01,Indonesia
Keefer,Offield,koffield49@smugmug.com,Male,2000-05-30,China
Jinny,Tetsall,jtetsall4a@networksolutions.com,Female,2011-02-20,Philippines
Roscoe,Tuiller,rtuiller4b@smh.com.au,Male,1991-03-11,Sweden
Fredi,Klaggeman,fklaggeman4c@sina.com.cn,Female,1992-06-02,Russia
Pattie,Voden,pvoden4d@shareasale.com,Female,2013-03-10,Canada
Tannie,Kurtis,tkurtis4e@mail.ru,Male,2002-10-23,Indonesia
Ethelin,Francesc,efrancesc4f@mediafire.com,Female,1991-01-14,Bosnia and Herzegovina
Cassondra,Ladlow,cladlow4g@ihg.com,Female,2002-11-19,France
Lidia,Laguerre,llaguerre4h@hc360.com,Female,1992-04-24,Poland
Odie,Bedingfield,obedingfield4i@rakuten.co.jp,Male,1997-01-09,Chile
Nicky,Order,norder4j@nymag.com,Male,2012-06-03,Russia
Daryn,Raoult,draoult4k@techcrunch.com,Female,1991-12-24,Portugal
Shae,Eake,seake4l@ow.ly,Female,1991-04-02,France
Marylynne,Rewbottom,mrewbottom4m@delicious.com,Female,1991-10-09,Russia
Frannie,Rolfs,frolfs4n@edublogs.org,Male,1999-10-21,Morocco
Reider,Scarrott,rscarrott4o@patch.com,Male,1992-02-13,Indonesia
Padriac,Manville,pmanville4p@salon.com,Male,2005-04-11,Sweden
Holly,Mockes,hmockes4q@redcross.org,Male,2018-04-06,Russia
Locke,Brasted,lbrasted4r@bloglovin.com,Male,1995-01-06,Greece
Decca,Albrecht,dalbrecht4s@nyu.edu,Male,2004-12-28,Brazil
Amalita,McGettrick,amcgettrick4t@ibm.com,Female,2014-10-22,Somalia
Gayelord,Cowen,gcowen4u@dot.gov,Male,1993-07-09,Indonesia
Maxie,Rugg,mrugg4v@bluehost.com,Female,2004-03-30,France
Carce,Scyone,cscyone4w@google.de,Male,1999-08-29,China
Dorice,Kinset,dkinset4x@paginegialle.it,Female,2003-07-16,Albania
Read,Greatorex,rgreatorex4y@ezinearticles.com,Male,2009-02-13,Argentina
Gardner,Kinmond,gkinmond4z@npr.org,Male,2006-05-15,China
Marje,Bradly,mbradly50@wordpress.org,Female,2000-12-12,Greece
Jacquelin,Pavese,jpavese51@uol.com.br,Female,2005-01-29,Germany
Lacey,Akenhead,lakenhead52@squidoo.com,Female,1996-12-02,Poland
Jonah,Nevet,jnevet53@house.gov,Male,2003-10-13,China
Arnold,Illesley,aillesley54@free.fr,Male,1997-06-28,Guatemala
Jacky,Pritchard,jpritchard55@people.com.cn,Female,2007-05-02,China
Etta,Everitt,eeveritt56@reverbnation.com,Female,2005-01-14,China
Grayce,Edinburough,gedinburough57@weebly.com,Female,2000-10-06,Indonesia
Skelly,Vasyukhin,svasyukhin58@businessinsider.com,Male,2013-07-02,Poland
Taber,Littlekit,tlittlekit59@tripadvisor.com,Male,2010-09-26,Philippines
Averyl,Stud,astud5a@cbc.ca,Female,1997-06-07,China
Muffin,Bartoszek,mbartoszek5b@google.fr,Male,2002-02-04,Peru
Ritchie,Thurlbourne,rthurlbourne5c@weebly.com,Male,1992-04-21,China
Roseanna,Edmans,redmans5d@blog.com,Female,2014-05-09,Philippines
Shane,Hamby,shamby5e@newsvine.com,Male,2009-09-04,Luxembourg
Alyss,Manuaud,amanuaud5f@sbwire.com,Female,2004-06-19,Nicaragua
Jesselyn,Twelvetree,jtwelvetree5g@acquirethisname.com,Female,2000-02-22,Greece
Jerald,Crunkhorn,jcrunkhorn5h@1und1.de,Male,2010-05-28,Philippines
Myrwyn,Marrison,mmarrison5i@usda.gov,Male,1994-03-20,China
Vincenz,Chazette,vchazette5j@timesonline.co.uk,Male,2009-09-06,China
